{
  "accuracy": [
    0.12676896154880524,
    0.26634886860847473,
    0.3692834675312042,
    0.46328020095825195,
    0.5456576943397522,
    0.6025621891021729,
    0.6657232046127319,
    0.6941754817962646,
    0.7330552935600281,
    0.7686578035354614,
    0.783852219581604,
    0.8102189898490906,
    0.839713990688324,
    0.8468642830848694,
    0.8669745326042175,
    0.8709965944290161,
    0.8818709850311279,
    0.8924474716186523,
    0.9000446796417236,
    0.9012364149093628,
    0.9095784425735474,
    0.9146432280540466,
    0.9203038811683655,
    0.9223893880844116,
    0.9253686666488647,
    0.9317741990089417,
    0.9347534775733948,
    0.9371368885040283,
    0.9474154710769653,
    0.9442871809005737,
    0.9459258317947388,
    0.9459258317947388,
    0.9523313045501709,
    0.9521823525428772,
    0.9521823525428772,
    0.955310583114624,
    0.9599285125732422,
    0.9660360217094421,
    0.9657381176948547,
    0.9658870697021484,
    0.9667809009552002,
    0.9703560471534729,
    0.9719946384429932,
    0.970802903175354,
    0.9715477228164673,
    0.973335325717926,
    0.9725905060768127,
    0.9712498188018799,
    0.9761656522750854,
    0.972441554069519
  ],
  "val_accuracy": [
    0.07839617133140564,
    0.11430281400680542,
    0.5547576546669006,
    0.7013764381408691,
    0.7564332485198975,
    0.7839617133140564,
    0.8144823312759399,
    0.8641532063484192,
    0.8599640727043152,
    0.9132255911827087,
    0.8108916878700256,
    0.888689398765564,
    0.9413524866104126,
    0.8641532063484192,
    0.8952723145484924,
    0.9126271605491638,
    0.9563136100769043,
    0.874326765537262,
    0.9664871096611023,
    0.9413524866104126,
    0.9640933275222778,
    0.940155565738678,
    0.7295032739639282,
    0.9658886790275574,
    0.6481149196624756,
    0.83722323179245,
    0.9646918177604675,
    0.9754638075828552,
    0.9718731045722961,
    0.9790544509887695,
    0.9730700254440308,
    0.9796528816223145,
    0.9162178039550781,
    0.9150209426879883,
    0.8916816115379333,
    0.9389587044715881,
    0.8964691758155823,
    0.9868342280387878,
    0.9868342280387878,
    0.9832435846328735,
    0.9874326586723328,
    0.9874326586723328,
    0.9868342280387878,
    0.9694793820381165,
    0.9874326586723328,
    0.9850388765335083,
    0.9862357974052429,
    0.9694793820381165,
    0.9868342280387878,
    0.9868342280387878
  ],
  "loss": [
    4.220460891723633,
    3.2339420318603516,
    2.735524892807007,
    2.3803017139434814,
    2.103233814239502,
    1.9357365369796753,
    1.7396695613861084,
    1.6273610591888428,
    1.5015640258789062,
    1.3971141576766968,
    1.3336461782455444,
    1.2563468217849731,
    1.1690207719802856,
    1.1358895301818848,
    1.0684022903442383,
    1.043380856513977,
    1.0000691413879395,
    0.9554833173751831,
    0.9250797629356384,
    0.9002708196640015,
    0.8768844604492188,
    0.8512733578681946,
    0.8375368118286133,
    0.802371621131897,
    0.771129846572876,
    0.7588972449302673,
    0.7287613153457642,
    0.7079004049301147,
    0.6743663549423218,
    0.6640892624855042,
    0.6422067880630493,
    0.6338112354278564,
    0.6147773265838623,
    0.5985219478607178,
    0.584425687789917,
    0.5731306672096252,
    0.5388755798339844,
    0.5162525177001953,
    0.5024366974830627,
    0.5033860206604004,
    0.4893798232078552,
    0.4772520661354065,
    0.4623520076274872,
    0.4628644287586212,
    0.4482641816139221,
    0.44463029503822327,
    0.43523573875427246,
    0.4316054582595825,
    0.41404369473457336,
    0.41986754536628723
  ],
  "val_loss": [
    4.828985691070557,
    4.707522392272949,
    2.012481212615967,
    1.5725085735321045,
    1.468214988708496,
    1.3454358577728271,
    1.268982172012329,
    1.077072262763977,
    1.1022663116455078,
    0.952347993850708,
    1.1974302530288696,
    1.010327935218811,
    0.8359566926956177,
    1.0354437828063965,
    0.9752709865570068,
    0.9010335803031921,
    0.7819214463233948,
    1.0036696195602417,
    0.7281866073608398,
    0.7649981379508972,
    0.7046598792076111,
    0.7526589632034302,
    1.8832457065582275,
    0.6642740368843079,
    2.161346673965454,
    0.9534212946891785,
    0.6194575428962708,
    0.5889479517936707,
    0.5913854241371155,
    0.5567485690116882,
    0.5688623785972595,
    0.5392709374427795,
    0.6889910697937012,
    0.6943106055259705,
    0.8718090653419495,
    0.5869370698928833,
    0.8738139271736145,
    0.4571954011917114,
    0.4573073983192444,
    0.45316281914711,
    0.44210872054100037,
    0.43246451020240784,
    0.43715786933898926,
    0.47115081548690796,
    0.41868290305137634,
    0.42047786712646484,
    0.39814919233322144,
    0.44363266229629517,
    0.39984047412872314,
    0.36960360407829285
  ],
  "best_epoch": 41,
  "best_val_accuracy": 0.9874326586723328,
  "num_classes": 15,
  "classes": [
    "0",
    "1",
    "2",
    "3",
    "4",
    "5",
    "6",
    "7",
    "8",
    "9",
    "add",
    "div",
    "eq",
    "mul",
    "sub"
  ]
}